"ID","Name","Description","Venue","Start Date","End Date","Type","Has External Partner Clubs","External Partner Club Names","Collaborated With External Partners","External Partners","Activity Expenses","Cash Contributions","In Kind Contributions","Participant Count","Benificiary Count","Volunteer Count","Volunteer Hours","Cover Photo","Photos","Editorial","Showcase","Featured","Avenues of Service","Areas of Focus","Host Club","Deleted","Rotaract Club","Actions"
"cmdytnxz30005l804315mp6mi","2 Truths & 1 Lie - RAC JPN Edition","On 18th July 2025, the Rotaract Club of JP Nagar conducted its first member engagement event of the new term — “2 Truths & 1 Lie – RAC JPN Edition” — through Google Meet. The activity served as a warm, informal icebreaker designed to initiate bonding among members across various levels of the club.

The event saw active participation from 30 members, including 18 board members, 8 new inductees, and 4 existing members. The format was simple yet highly interactive — each participant shared two true statements and one false one about themselves, while others guessed which was the lie. This sparked curiosity, laughter, and friendly banter, creating a joyful and engaging virtual space.

The event successfully broke the ice among newly inducted members and gave everyone an opportunity to interact beyond formal settings. It also helped members discover common interests, unique traits, and fun facts about one another, thereby fostering deeper club camaraderie.

The session not only set a positive tone for the upcoming term but also reinforced the importance of human connection and shared stories in club-building. It was well-received by all attendees and marked a confident and lively start to the club’s fellowship calendar for 2025–2026","Google Meet","7/18/2025","7/18/2025","STANDALONE_ACTIVITY","false","","false","","0","0","0","30","0","2","57","https://rotashowcase-public-uploads.s3.ap-south-1.amazonaws.com/3191/uploads/gzc9df8aVg12asMUE7OzX.jpg","https://rotashowcase-public-uploads.s3.ap-south-1.amazonaws.com/3191/uploads/xQrWrcQ7ltlQC90FReV7Y.jpg,https://rotashowcase-public-uploads.s3.ap-south-1.amazonaws.com/3191/uploads/gNFKD7468F_uokRtDQvvt.jpg,https://rotashowcase-public-uploads.s3.ap-south-1.amazonaws.com/3191/uploads/KBbPwdymdAkGB8ulJ060k.jpg","false","false","false","Club Service","","","","Bangalore JP Nagar",""
"cmdytsm4y0005jx043odku22g","Royal Clicku, Mitra Picku","The Installation came alive with the vibrant spirit of Royal Clicku, Mitra Picku. Guests entered with curiosity and excitement, each picking their Mitra from the chits, setting the stage for a unique bonding experience. As people found their peers and clicked those playful royal selfies, a magical atmosphere of camaraderie blossomed. It was more than just an icebreaker; it became a moment where friendships were forged, laughter echoed, and introductions were made with genuine warmth—truly a spectacle of human connection celebrated like royalty. The gallery of selfies captured glimpses of sparkling smiles and new bonds, immortalizing the joy of the event. The phrase “Sneha shuruvavagodu, ondu chittiyinda!” was truly embodied in every interaction, reminding us how a simple chit can spark lasting friendships. This Installation wasn’t just an event—it was a memorable journey of bringing strangers closer, creating stories worth sharing, and celebrating the royal experience of togetherness","Padmabhushana Dr H. Narasimhaiah Multimedia Hall, National College","7/26/2025","7/26/2025","STANDALONE_ACTIVITY","false","","false","","0","0","0","4","0","2","5","https://rotashowcase-public-uploads.s3.ap-south-1.amazonaws.com/3191/uploads/SQ9430AgnljbXUoIsiQ9h.JPG","https://rotashowcase-public-uploads.s3.ap-south-1.amazonaws.com/3191/uploads/XjE_RGsrFMU9NhXWnjWBJ.jpg,https://rotashowcase-public-uploads.s3.ap-south-1.amazonaws.com/3191/uploads/QTj0TnEhXhseIAq1HIEiD.jpg","false","false","false","Club Service","","","","Bangalore JP Nagar",""
"cmdytwokr0007jx0437xouzg9","Outgoing RIDE to RI District 3206 - Coimbatore & Palakkad","Rtr. Adithya N from the Rotaract Club of Bangalore JP Nagar participated in an extraordinary outbound Rotaract Inter District Exchange (RIDE), representing our club and RI District 3191 in a vibrant cultural and service immersion with RI District 3206. Held from July 17 to 20, 2025, this exchange brought together Rotaractors committed to fostering new connections, sharing best practices, and building lifelong friendships across districts.

The journey began as a team of three passionate Rotaractors—Rtr. Mohammed Mujtaba, Rtr. Muskan Agrawal, and Rtr. Adithya N—set out to Coimbatore, the heart of RID 3206 and the host district for this meaningful exchange.

Day 1 opened with a warm and enthusiastic welcome from the Rotaract Club of Sai Baba Colony. The hospitality and camaraderie set the tone for the adventure ahead. The day was packed with visits to iconic sites: the spiritual Marudhamalai Temple, the tranquil Siruvani River, Kattimala, and Jallipara. As we explored the raw beauty of Attapadi and paused at Mannarkad, nature and fellowship blended seamlessly, creating memories to cherish. The evening wound down with a hearty dinner and a leisurely stroll along Race Course Road—a perfect close to a spirited opening day.

Day 2 was curated by the Rotaract Club of Coimbatore Uptown. After a delicious breakfast, our group embarked on local explorations, discovering the serene Malampuzha Dam and the picturesque Kava River. We soaked in the colors and fragrance of Coimbatore’s famous flower market and experienced the modern pulse of Lulu Mall. Over dinner and in conversation on Race Course Road, we built bridges with local Rotaractors, exchanging stories and perspectives on community leadership.

Day 3 brought a new highlight, hosted jointly by RaC Sai Baba Colony and RaC Coimbatore City. The day was dedicated to the host club’s installation ceremony—a vibrant gathering attended by the DRR, IPDRR, DRRE, and presidents from various Coimbatore clubs. Laughter and learning filled the air during an engaging orientation session. After a dynamic valedictory featuring cultural performances, RaC Coimbatore City seamlessly took over hosting duties. The evening concluded with another delightful dinner, more networking, and the official handover of logistics, reflecting the seamless spirit of Rotaract collaboration.

Day 4, the final stretch, was graciously led by RaC PSGR Krishnammal College for Women. After breakfast, we set out for an excursion to Pollachi, exploring the scenic beauty of Aliyar Dam and the enchanting Monkey Falls. The day slowed down with a peaceful and reflective visit to Brookfields Mall, where we met members from RaC Coimbatore Crystal and other dedicated Rotaractors. New friends, fond farewells, and promises of future collaboration marked the perfect end as we headed to the departure point, filled with gratitude and inspiration.

Throughout these four days, the exchange was more than just sightseeing or ceremonies—it was about deepening our understanding of each other's cultures, approaches to service, and shared vision as Rotaractors. We left Coimbatore not just as guests, but as cherished members of a larger Rotaract family, carrying forward the torch of service, friendship, and inter-district kinship.

This experience beautifully encapsulated the essence of Rotaract—serving, connecting, and growing together—and reinforced our collective mission to make a difference wherever we go.","Coimbatore & Palakkad","7/17/2025","7/20/2025","PARTICIPATORY_ACTIVITY","false","","false","","0","0","0","1","0","0","96","https://rotashowcase-public-uploads.s3.ap-south-1.amazonaws.com/3191/uploads/1a5eWleAHhUzTbsg35Jwt.jpg","https://rotashowcase-public-uploads.s3.ap-south-1.amazonaws.com/3191/uploads/VwiNXkFjLdq1ood0Yq7LH.jpg,https://rotashowcase-public-uploads.s3.ap-south-1.amazonaws.com/3191/uploads/d9Gc9QpiHwSQdN-ezo-H0.jpg,https://rotashowcase-public-uploads.s3.ap-south-1.amazonaws.com/3191/uploads/hw2N5PIm51uP_SNkIWMCk.jpg","false","true","false","International Service","","RI District 3206","","Bangalore JP Nagar",""
"cmdyu3r2r000djx04q7cv8f42","Let's Nurture Nature","On July 12, 2025, the Rotaract Club of Bangalore JP Nagar, in proud collaboration with KPMG CSR, came together for a truly impactful community service project in Kolar, Karnataka. Early in the morning, volunteers assembled at the KPMG office, energized for the journey ahead. There was excitement in the air as these changemakers set out, determined to nurture nature and create a greener tomorrow.

The trip from Bangalore to Kandlevaaripalli felt less like a commute and more like a celebration of purpose. The volunteers bonded over shared laughter, playful moments, and lively desi tunes echoing throughout the bus. It was clear from the very beginning that this was a gathering defined by positive energy and unity.

Arriving at Kandlevaaripalli in Srinivasapura Taluk, everyone channeled their enthusiasm into action. Under the warm sunlight, and fueled by a genuine determination to make a difference, the volunteers—comprising members from Bangalore JP Nagar, KGF - SBMJC, KGF Community, and Jayanagar—set about planting 250 saplings. Each sapling, whether a Guava or a Chikoo, was planted with care and hope, transforming barren land into a living testament of their commitment. For many, learning the art of planting was a joyful discovery. The new skills, coupled with the thrill of making a tangible impact, turned hard work into an enjoyable, memorable challenge.

As the morning gave way to noon, the once-empty terrain now shimmered with fresh green saplings, each a living promise for the future. The volunteers were rewarded with a sumptuous home-cooked meal from the local landowners, made with love and authentic flavors that nourished both body and spirit. This meal was not just about food, but about sharing and gratitude—a perfect conclusion to a meaningful day.

Thanks to KPMG’s thoughtful support with travel, snacks, and equipment, the volunteers focused entirely on their passion for service and sustainability. The day’s efforts vividly reflected the power of teamwork, the joy of community, and the hope that rests in every small act of stewardship.

The plantation drive was more than just an event; it was a movement. It reaffirmed the difference that dedicated individuals can make when united by purpose. The land now stood alive with possibility, and each participant returned home with memories of joy, friendship, and the knowledge that they had contributed to a brighter, greener future.","Kandlevaripalli, Karnataka","7/12/2025","7/12/2025","HOSTED_ACTIVITY","false","","true","KPMG CSR","0","0","0","26","7","3","200","https://rotashowcase-public-uploads.s3.ap-south-1.amazonaws.com/3191/uploads/7sLAyuSY-bfa6bFO1pwCy.jpg","https://rotashowcase-public-uploads.s3.ap-south-1.amazonaws.com/3191/uploads/Y8T2ZTHHL8L3GUCgRloot.jpg,https://rotashowcase-public-uploads.s3.ap-south-1.amazonaws.com/3191/uploads/epXdAEjIbYpIHAzmGmD7A.jpg,https://rotashowcase-public-uploads.s3.ap-south-1.amazonaws.com/3191/uploads/YkfyasIc8yVFrWmh6URVq.jpg,https://rotashowcase-public-uploads.s3.ap-south-1.amazonaws.com/3191/uploads/9V65douA3E1_J_CNr0Qj4.jpg,https://rotashowcase-public-uploads.s3.ap-south-1.amazonaws.com/3191/uploads/JFIg0C3vbyogez4xxoPEO.jpg","true","true","false","Community Service","Growing Local Economies, Protecting The Environment","Rotaract Club of Bangalore JP Nagar","","Bangalore JP Nagar",""
"cmf7vzpyg0003l204grcsm5gv","Income Tax and GST Awareness & Grievance Addressal Seminar","The Rotaract Club of Bangalore JP Nagar actively participated in the Tax Awareness and Grievance Addressal Seminar held on 1st August 2025 at Jain University Auditorium. The seminar, organized by Rotary Bangalore JP Nagar and co-sponsored by Rotary Bangalore Spandana, Rotary Bangalore South Samarpane, Rotary Bangalore Malhar, and Rotary Bangalore South Parade, was an enriching platform that aimed to spread awareness on Income Tax and GST while also addressing common taxpayer grievances.

The event featured distinguished speakers including Amrita Ranjan, IRS (Principal Commissioner of Income Tax–1, Bengaluru), Dr. Kotraswamy M, IRS (Commissioner, Central Taxes Zone, Bengaluru), Dr. CA. P. Vijay Anand (Chairperson, NTWF; Practising Chartered Accountant; Founder, Linbur Consulting), and S. Ramakrishnan, IRS (Retd.) (Secretary General, NTWF; Former Chief Commissioner of Income Tax). Their insights on taxation laws, compliance procedures, and practical challenges offered immense learning to all present.

A total of 11 Rotaractors from our club attended the seminar and benefitted from the valuable interactions with the esteemed panel. The participants gained greater clarity on taxation matters, particularly on Income Tax compliance and GST-related procedures, and had the opportunity to directly raise queries during the interactive sessions.

This seminar served as a highly informative experience for our members, enhancing their financial literacy and providing them with knowledge that can be applied in both personal and professional contexts. It also reinforced the importance of active participation in Rotary-organized initiatives that promote awareness and capacity-building among youth.","Jain University Auditorium","8/1/2025","8/1/2025","PARTICIPATORY_ACTIVITY","false","","false","","0","0","0","11","0","2","41","https://rotashowcase-public-uploads.s3.ap-south-1.amazonaws.com/3191/uploads/F69E9fDDWOWNOsl1OWy6m.jpg","https://rotashowcase-public-uploads.s3.ap-south-1.amazonaws.com/3191/uploads/FrYU5u7yE-ueJs6kQ4a3c.jpg,https://rotashowcase-public-uploads.s3.ap-south-1.amazonaws.com/3191/uploads/DQHbNJFxIhCmtSbjTpXtf.jpg,https://rotashowcase-public-uploads.s3.ap-south-1.amazonaws.com/3191/uploads/lteBub8pUlA0TEtzo_2-W.jpg","false","false","false","Professional Development","","Rotary Bangalore JP Nagar","","Bangalore JP Nagar",""
"cmf7w6wbz0001jw04r0euu7lq","Smile Please 3.0","The Rotaract Club of Bangalore JP Nagar successfully organized Smile Please 3.0 — a dental screening and treatment camp held on the 9th and 10th of August 2025 at Bandipur Tiger Reserve. Hosted under our flagship annual project “Smile Please,” the initiative was conducted in collaboration with Friends of Wildlife Association, Transforming Tomorrow Foundation (TTF), and The Oxford Dental College. The camp was dedicated to the frontline staff of Bandipur, the unsung heroes who protect our forests and wildlife with unwavering commitment.

Over two days, the camp provided dental check-ups, oral hygiene awareness, treatment, and free distribution of medicines to more than 200 forest personnel. Beneficiaries included staff from multiple ranges such as Mulehole, Bandipur, Kundkere, GS Betta, Yediyala, Omkar, along with members of the Special Tiger Protection Force (STPF) and the Dog Squad. By addressing their healthcare needs and providing free medicines, the camp ensured both immediate relief and long-term awareness on oral health.

This initiative was not just about medical care, but also about expressing gratitude to the forest staff for their relentless service in safeguarding our ecosystem. The event also garnered wide appreciation and was featured in Vijayavani, further amplifying its impact and spreading awareness about the importance of caring for those who protect our wildlife. For our club members, Smile Please 3.0 was a deeply meaningful service opportunity — one that combined healthcare, conservation, and community appreciation, truly embodying the spirit of Rotaract service.","Bandipur Tiger Reserve","8/9/2025","8/10/2025","HOSTED_ACTIVITY","false","","true","Friends of Wildlife Association, Transforming Tomorrow Foundation and The Oxford Dental College","0","0","0","5","200","5","320","https://rotashowcase-public-uploads.s3.ap-south-1.amazonaws.com/3191/uploads/mG5b5fupBoIM2W6BRdaG3.jpg","https://rotashowcase-public-uploads.s3.ap-south-1.amazonaws.com/3191/uploads/6d_dX2PCnXIwVxBPHqclH.jpeg,https://rotashowcase-public-uploads.s3.ap-south-1.amazonaws.com/3191/uploads/9_2IpEIaF5BkmUF2Wv-jR.jpeg,https://rotashowcase-public-uploads.s3.ap-south-1.amazonaws.com/3191/uploads/F8_2x18fHsnF1V0qzc24U.jpg,https://rotashowcase-public-uploads.s3.ap-south-1.amazonaws.com/3191/uploads/R5eSwj3h1MUUK4Dpg3zMw.jpg,https://rotashowcase-public-uploads.s3.ap-south-1.amazonaws.com/3191/uploads/TxPxBTxTaTSs6MltaXYvQ.jpg","true","true","false","Community Service","Fighting Disease, Growing Local Economies, Protecting The Environment","","","Bangalore JP Nagar",""
"cmf7wjud60003l2047i7pgi1j","Tiranga Trails","The Rotaract Club of Bangalore JP Nagar celebrated Independence Day 2025 with a unique blend of patriotism, service, and fellowship through Tiranga Trails – JPN Special, held on 15th August 2025. The initiative combined an adventurous ride and trek with impactful community service activities, making the day both memorable and meaningful. A total of 16 members from our club participated with enthusiasm.

The day began with a convoy ride from Thalghatapura Metro Station to Hosadurga Village in Kanakapura Taluk, followed by a flag hoisting ceremony at the Government Panchayat School. The event was made special by the presence of students and local community members, with whom the spirit of freedom was celebrated.

The journey concluded with a scenic trek to Hosadurga Betta and a peaceful stop at Arkavathi Dam, where participants reflected on the significance of the day and the impact of their contributions.

Tiranga Trails – JPN Special successfully embodied the essence of Rotaract by combining club service, community service, fellowship, and adventure. It was a day that honored the nation, uplifted communities, strengthened friendships, and reminded everyone that true freedom lies in serving others.","Hosadurga","8/15/2025","8/15/2025","STANDALONE_ACTIVITY","false","","false","","0","0","0","16","0","2","208","https://rotashowcase-public-uploads.s3.ap-south-1.amazonaws.com/3191/uploads/OIewYj_YPZ6XiYUggUqdo.jpg","https://rotashowcase-public-uploads.s3.ap-south-1.amazonaws.com/3191/uploads/S8KcWIR5UvBIXFYAa1Xet.jpg,https://rotashowcase-public-uploads.s3.ap-south-1.amazonaws.com/3191/uploads/WDPC94TLKtVGIl9hU6WOt.jpg,https://rotashowcase-public-uploads.s3.ap-south-1.amazonaws.com/3191/uploads/IbAMC9rVwOn41QWPJn42M.jpg,https://rotashowcase-public-uploads.s3.ap-south-1.amazonaws.com/3191/uploads/ysaGFX33szCRqr4xJMWdT.jpg,https://rotashowcase-public-uploads.s3.ap-south-1.amazonaws.com/3191/uploads/fnf-H6SPaqUZW7RDPgkth.jpg","true","true","false","Club Service","","Rotaract Aagneya, Rotaract District 3191","","Bangalore JP Nagar",""
"cmf7wuqv90005l404kiklzxdx","Project Belaku","The Rotaract Club of Bangalore JP Nagar celebrated Independence Day 2025 with a unique blend of patriotism, service, and fellowship through Tiranga Trails – JPN Special, held on 15th August 2025. The initiative combined an adventurous ride and trek with impactful community service activities, making the day both memorable and meaningful. A total of 16 members from our club participated with enthusiasm.

The day began with a convoy ride from Thalghatapura Metro Station to Hosadurga Village in Kanakapura Taluk, followed by a flag hoisting ceremony at the Government Panchayat School. The event was made special by the presence of students and local community members, with whom the spirit of freedom was celebrated.

As part of Project Belaku, members trekked to a remote tribal hamlet to distribute solar lamps to over 30 beneficiary households. This effort not only lit up homes but also brought hope and convenience to families living in areas without reliable electricity. The trek added a spirit of adventure while amplifying the sense of purpose in serving remote communities.","Hosadurga ","8/15/2025","8/15/2025","JOINT_INITIATIVE","false","","false","","0","0","0","16","30","2","84","https://rotashowcase-public-uploads.s3.ap-south-1.amazonaws.com/3191/uploads/cFUROHr_NyuvbehvnuI4R.jpg","https://rotashowcase-public-uploads.s3.ap-south-1.amazonaws.com/3191/uploads/vqrP9E9PlBs7X3Tgd2212.jpg,https://rotashowcase-public-uploads.s3.ap-south-1.amazonaws.com/3191/uploads/y-1KJSyd-3yuSRwmzyJsR.jpg,https://rotashowcase-public-uploads.s3.ap-south-1.amazonaws.com/3191/uploads/ujlTqmxCLzGL_mpHxDY2Y.jpg,https://rotashowcase-public-uploads.s3.ap-south-1.amazonaws.com/3191/uploads/pqQ92e18tlggLr4SzJ9h9.jpg,https://rotashowcase-public-uploads.s3.ap-south-1.amazonaws.com/3191/uploads/zeDH0zL947pvipzrhZUNv.jpg","true","true","false","Community Service","Growing Local Economies, Protecting The Environment","RI District 3191","","Bangalore JP Nagar",""
"cmf7x0eq50005la04cj0r7d0m","Cookie Caravan","The Rotaract Club of Bangalore JP Nagar celebrated Independence Day 2025 with a unique blend of patriotism, service, and fellowship through Tiranga Trails – JPN Special, held on 15th August 2025. The initiative combined an adventurous ride and trek with impactful community service activities, making the day both memorable and meaningful. A total of 16 members from our club participated with enthusiasm.

The day began with a convoy ride from Thalghatapura Metro Station to Hosadurga Village in Kanakapura Taluk, followed by a flag hoisting ceremony at the Government Panchayat School. The event was made special by the presence of students and local community members, with whom the spirit of freedom was celebrated.

The community service extended further through a collaboration with Rotaract Aagneya for their flagship initiative, Cookie Caravan – Spreading Smiles, One Cookie at a Time. Together, we distributed cookies to over 200 students at the Government Panchayat School, Hosadurga Village, adding sweetness and joy to the Independence Day celebrations. The children’s smiles were a true highlight of the day, proving that small gestures can create lasting happiness.","Hosadurga","8/15/2025","8/15/2025","JOINT_INITIATIVE","false","","false","","0","0","0","16","200","1","18","https://rotashowcase-public-uploads.s3.ap-south-1.amazonaws.com/3191/uploads/sYVJKbeHwd08LnsNf5MSG.jpg","https://rotashowcase-public-uploads.s3.ap-south-1.amazonaws.com/3191/uploads/x2g8ho4aWdSXfh0il6Ahh.jpg","true","true","false","Community Service","","Rotaract Aagneya","","Bangalore JP Nagar",""
"cmf7x5b890009la04kfn3pm0q","Royal Clicku, Mitra Picku - Part 2","The Rotaract Club of Bangalore JP Nagar hosted a memorable General Body Meeting at Lalbagh that came alive with the vibrant spirit of Royal Clicku, Mitra Picku - Part 2. As members gathered amidst the greenery, the unique icebreaker set the tone for an evening filled with laughter, camaraderie, and warmth. Each participant picked their “Mitra” from chits, sparking curiosity and excitement as pairs discovered each other.

What followed was a delightful exchange of conversations and playful royal selfies that captured the essence of friendship in its purest form. The activity went beyond a simple introduction — it created an atmosphere where strangers bonded effortlessly, new friendships blossomed, and existing ones grew stronger. The gallery of selfies stood as a joyful testimony to the connections made, with sparkling smiles and genuine moments immortalized in every click.

The phrase “Sneha shuruvavagodu, ondu chittiyinda!” was beautifully brought to life, reminding everyone how even a small gesture can ignite lasting bonds. This GBM was not just about discussions and updates, but about celebrating togetherness, strengthening ties, and creating memories that truly reflected the spirit of Rotaract fellowship.","Lalbagh","8/24/2025","8/24/2025","HOSTED_ACTIVITY","false","","false","","0","0","0","12","0","1","5","https://rotashowcase-public-uploads.s3.ap-south-1.amazonaws.com/3191/uploads/LKpxqFek8deKpPY7FVDpN.jpg","https://rotashowcase-public-uploads.s3.ap-south-1.amazonaws.com/3191/uploads/8NxkNvDJjV8dgDhUbGsvm.jpg,https://rotashowcase-public-uploads.s3.ap-south-1.amazonaws.com/3191/uploads/l8kg3GeVBKWFhdI63eBHQ.jpg,https://rotashowcase-public-uploads.s3.ap-south-1.amazonaws.com/3191/uploads/nFySgnaBSQJF2iZU4QG-8.jpg,https://rotashowcase-public-uploads.s3.ap-south-1.amazonaws.com/3191/uploads/gXMR9LEg50B7Ngg8O5CEo.jpg,https://rotashowcase-public-uploads.s3.ap-south-1.amazonaws.com/3191/uploads/d_ECH_0ZBBsflQjsqIHVr.jpg","false","false","false","Club Service","","","","Bangalore JP Nagar",""
"cmf7x90hv000bla04ki4kgoqz","Tax is Easy 3.0","The Rotaract Club of Bangalore JP Nagar successfully organized the third edition of its flagship initiative, Tax Is Easy, on 29th August 2025. Conducted virtually on Google Meet, the session aimed at simplifying Income Tax Return filing and equipping participants with essential financial knowledge for better decision-making.

The session was led by our Club Secretary, CA Rtr. Anarghya Suvin, who brought professional expertise and practical insights to the discussion. Participants were guided through the fundamentals of income tax, filing procedures, and related compliance aspects. In addition, the session also covered broader financial literacy topics, including money management strategies and the importance of developing smart financial habits.

The interactive format allowed participants to clarify doubts in real time, making the session highly engaging and impactful. A total of 22 participants attended the session, which also included members from the Rotaract Club of Bangalore Jayanagar, making it a collaborative effort that broadened its reach and impact.","Google Meet","8/29/2025","8/29/2025","HOSTED_ACTIVITY","false","","false","","0","0","0","14","0","2","23","https://rotashowcase-public-uploads.s3.ap-south-1.amazonaws.com/3191/uploads/g3KnKi0mLrHzv5yokICTN.jpg","https://rotashowcase-public-uploads.s3.ap-south-1.amazonaws.com/3191/uploads/2V_IzT9Pj587eeB-grCFd.jpg,https://rotashowcase-public-uploads.s3.ap-south-1.amazonaws.com/3191/uploads/e4tB5WB9wd9rcyJUQwmSe.jpg,https://rotashowcase-public-uploads.s3.ap-south-1.amazonaws.com/3191/uploads/0jz5oexH9jASaeBBar400.jpg","true","true","false","Professional Development","","","","Bangalore JP Nagar",""
"cmf7xddqb0007jw04dwk44flj","Avighna","The Rotaract Club of Bangalore JP Nagar was delighted to be part of Avighna – Let Your Celebration Take Root in Nature, a beautiful eco-initiative organized by our fellow Rotaractors from the Rotaract Club of Bangalore Jayanagar.

The project carried a strong message of celebrating Ganesh Chaturthi in harmony with nature. Each thoughtfully designed Avighna kit included a plantable seed Ganesha idol, a coconut fiber pot, coconut peat manure, and seed balls—a simple yet impactful way of ensuring that after the festivities, Lord Ganesha continues to bless us by taking root and growing into a plant.

As part of our collaboration, our club purchased 10 Avighna kits and distributed them to our members during the General Body Meeting. Members were overjoyed to take them home and celebrate Ganesh Chaturthi in an eco-friendly way—making the festival not only devotional but also sustainable.","Lalbagh","8/24/2025","8/24/2025","PARTICIPATORY_ACTIVITY","false","","false","","0","0","0","10","0","1","20","https://rotashowcase-public-uploads.s3.ap-south-1.amazonaws.com/3191/uploads/_bv4QfXG1JYqof1qWgI_B.jpg","https://rotashowcase-public-uploads.s3.ap-south-1.amazonaws.com/3191/uploads/gZYMyZEdGgvfAOPLMOfJH.jpg","true","true","false","Community Service","Protecting The Environment","Rotaract Club of Bangalore Jaynagar","","Bangalore JP Nagar",""
"cmf7xm60d0007l4049ycm27fv","Ganesha Chaturthi Showcase","On the occasion of Ganesh Chaturthi, members of the Rotaract Club of Bangalore JP Nagar came together in high festive spirits to showcase their Ganesha and Gowri idols.

What began as a simple exchange of pictures soon turned into a vibrant celebration, filling the club with the warmth and energy of the festival. Members shared glimpses of celebrations from their homes, apartment complexes, and offices, each idol reflecting devotion and creativity.

The initiative not only created a festive atmosphere across the club but also fostered a sense of unity, cultural pride, and togetherness. It reminded everyone that beyond projects and service, the club thrives on shared traditions, celebrations, and the joy of being a family.","Online","8/27/2025","8/27/2025","HOSTED_ACTIVITY","false","","false","","0","0","0","8","0","1","1","https://rotashowcase-public-uploads.s3.ap-south-1.amazonaws.com/3191/uploads/XKlHrTCpKvMkGDBOMGnGH.jpg","https://rotashowcase-public-uploads.s3.ap-south-1.amazonaws.com/3191/uploads/_jbtyGx8NfdBvqbZ1EWgY.jpg,https://rotashowcase-public-uploads.s3.ap-south-1.amazonaws.com/3191/uploads/X0H8a8oiJ7cDv1BE6l360.jpg,https://rotashowcase-public-uploads.s3.ap-south-1.amazonaws.com/3191/uploads/Yx3clPAkCeVvbjz5LGbhW.jpg","false","false","false","Club Service","","","","Bangalore JP Nagar",""
"cmf7xozvw0009l404o9e9od23","Utsava Seva","On the occasion of Ganesh Chaturthi, the Rotaract Club of Bangalore JP Nagar took part in the festive celebrations at Vinyasa Trust for the Differently Abled. Members actively engaged with the residents, helping in the set-up and arrangements, and adding to the festive atmosphere. Traditional delicacies such as Modaka, Chakli, and Kodbale were shared, creating a sense of warmth and togetherness.

The visit also included meaningful conversations with the management to understand the needs of the institution and explore ways in which the club could extend further support in the future. A motivational speech was delivered to the residents, inspiring them to celebrate the occasion with joy and positivity.

This initiative not only celebrated the spirit of Ganesh Chaturthi but also strengthened the club’s commitment to inclusivity and community service.","Vinyasa Trust for Differently Challenged","8/27/2025","8/27/2025","STANDALONE_ACTIVITY","false","","true","Vinyasa Trust for Differently Challenged","0","0","0","4","70","3","20","https://rotashowcase-public-uploads.s3.ap-south-1.amazonaws.com/3191/uploads/KkUfX7cDXba7RgrhI2HLB.jpg","https://rotashowcase-public-uploads.s3.ap-south-1.amazonaws.com/3191/uploads/r9qjCLnEPThEPZuIC9Tku.jpg,https://rotashowcase-public-uploads.s3.ap-south-1.amazonaws.com/3191/uploads/nfWttLMdZM_mWabdBPbZ1.jpg,https://rotashowcase-public-uploads.s3.ap-south-1.amazonaws.com/3191/uploads/9v37U-qlOoGbeUmldU8J4.jpg,https://rotashowcase-public-uploads.s3.ap-south-1.amazonaws.com/3191/uploads/YmOfD9fVKh8h9npbuKV5k.jpg,https://rotashowcase-public-uploads.s3.ap-south-1.amazonaws.com/3191/uploads/3ms7qhToofR5Oxzyktn7Z.jpg","true","true","false","Community Service","","","","Bangalore JP Nagar",""
"cmgcesmp80001jp046kgnkc7d","Echoes of Culture","The Rotaract Club of Bangalore JP Nagar was delighted to be host an enriching international cultural exchange session titled “Echoes of Culture” along with the Rotaract Clubs of Arusha City & UDOM-Youth (District 9214, Tanzania) and Coimbatore Millennium (District 3206, India). The session featured a special guest speaker from Tanzania and turned out to be a lively and meaningful interaction, where members from different countries came together to learn about each other’s cultures, ask questions, share experiences and enjoy lighthearted moments of fun.

It was an evening filled with energy, laughter, and genuine connections, leaving all participants with full hearts and fond memories. This collaboration was a true celebration of the spirit of Rotaract, proving once again that when cultures meet, bonds spark, friendships grow, and memories last forever.
","Google Meet","9/6/2025","9/6/2025","HOSTED_ACTIVITY","false","","false","","0","0","0","9","0","3","37","https://rotashowcase-public-uploads.s3.ap-south-1.amazonaws.com/3191/uploads/QCUaT3tHCPxYHC4s-xhQn.png","https://rotashowcase-public-uploads.s3.ap-south-1.amazonaws.com/3191/uploads/Ap_eE5yd-XhyQQ-Powm5T.png,https://rotashowcase-public-uploads.s3.ap-south-1.amazonaws.com/3191/uploads/Z1Bz45LphxFeZMBxo0EQA.png,https://rotashowcase-public-uploads.s3.ap-south-1.amazonaws.com/3191/uploads/FaoUw4qz0zMYxPxV3Y8_V.png,https://rotashowcase-public-uploads.s3.ap-south-1.amazonaws.com/3191/uploads/aeLeg3pNvvNUOOVLKkE6H.png,https://rotashowcase-public-uploads.s3.ap-south-1.amazonaws.com/3191/uploads/9FCNUbuSMKrwoUIrQV955.png","true","true","false","International Service","","","","Bangalore JP Nagar",""
"cmgceww9u0001jp04nyu1bom1","Club Outing - Bengaluru Ganesha Utsava","The Rotaract Club of Bangalore JP Nagar went on a vibrant club outing to the 63rd Bengaluru Ganesh Utsav held at the National College Grounds, Basavanagudi. Members attended on both the 4th and 5th of September, with an enthusiastic turnout that made the evenings truly memorable. The first day featured the melodious performance of Rajesh Krishnan, while the second day brought the high-energy vibes of Raghu Dixit, both of which had our members completely immersed in music and celebration. It was a wonderful break from the midweek grind, giving our club’s music lovers an opportunity to bond, unwind, and enjoy the cultural richness of the festival together. The outing was filled with joy, laughter, and camaraderie, reinforcing the spirit of fellowship that makes our club special.","National College Grounds","9/4/2025","9/5/2025","HOSTED_ACTIVITY","false","","false","","0","0","0","15","0","1","92","https://rotashowcase-public-uploads.s3.ap-south-1.amazonaws.com/3191/uploads/pYY5CRTrBTSvpfdip3J-V.jpg","https://rotashowcase-public-uploads.s3.ap-south-1.amazonaws.com/3191/uploads/9Zu9AdfTPbkLxbqqnci4M.jpg","false","false","false","Club Service","","","","Bangalore JP Nagar",""
"cmgcf2tkn0003jp04pu0du2nw","Garba Utsav","The Rotaract Club of Bangalore JP Nagar had the pleasure of collaborating with the Rotaract Club of Bangalore Jayanagar for their vibrant and flagship event, Garba Utsav 2025. The evening was a lively celebration of culture, music, and togetherness, truly capturing the essence of the Navratri spirit.

Six Rotaractors from our club participated in the event, joining numerous enthusiastic dancers as we grooved to traditional Garba beats, shared laughter, and celebrated in full festive spirit. The energy throughout the night was infectious, creating an atmosphere of unity and joy that brought everyone together.

Beyond the celebrations, the event also carried a strong social message. The funds raised through Garba Utsav 2025 will be directed towards the installation of sanitary pad vending machines and incinerators, promoting menstrual hygiene and ensuring dignity for women and girls.","Vasavi Convention Center","9/20/2025","9/20/2025","PARTICIPATORY_ACTIVITY","false","","false","","0","0","0","6","0","0","18","https://rotashowcase-public-uploads.s3.ap-south-1.amazonaws.com/3191/uploads/1t4B0tqb8U3iqHGI0kog5.jpg","https://rotashowcase-public-uploads.s3.ap-south-1.amazonaws.com/3191/uploads/dy1LP3Fpbn1TxcWoEgv1d.jpg,https://rotashowcase-public-uploads.s3.ap-south-1.amazonaws.com/3191/uploads/Ho4Vl-Hxv-T7BcUriYYBs.jpg,https://rotashowcase-public-uploads.s3.ap-south-1.amazonaws.com/3191/uploads/8AfUMJnNUFEUAIyMP3Yzt.jpg","false","true","false","Club Service, Community Service","Fighting Disease, Saving Mothers and Children","Rotaract Club of Bangalore Jayanagar","","Bangalore JP Nagar",""
"cmgcfds9w0001ll04ghk6se18","Emcee Sher","On 25th September 2025, the Rotaract Club of Bangalore JP Nagar organized Emcee Sher: Masterclass, a professional development initiative designed to help Rotaractors strengthen their public speaking and hosting abilities. Conducted online via Google Meet, the session was facilitated by DRR Rtn. Rtr. Harsh Paresh Shinde, District Rotaract Representative of RID 3170, a seasoned professional anchor and founder of Prahas.
The masterclass was structured to benefit participants at all levels: those picking up the microphone for the first time, individuals working to build confidence on stage, and experienced hosts seeking to polish and refine their craft. The session offered practical insights into voice modulation, stage presence, audience engagement, and the art of confidently owning the spotlight.
Through this initiative, the club successfully provided its members and participants an opportunity to enhance their communication, leadership, and presentation skills—an important step towards building impactful Rotaractors who can lead events with confidence and charisma.","Google Meet","9/25/2025","9/25/2025","HOSTED_ACTIVITY","false","","false","","0","0","0","20","0","2","34","https://rotashowcase-public-uploads.s3.ap-south-1.amazonaws.com/3191/uploads/PT8rXT8cMmrT2H20rnH2z.jpg","https://rotashowcase-public-uploads.s3.ap-south-1.amazonaws.com/3191/uploads/YLU67T-6l4efQYCQboccj.jpg,https://rotashowcase-public-uploads.s3.ap-south-1.amazonaws.com/3191/uploads/rnfVHrdVQykNfMgvaFVY0.jpg,https://rotashowcase-public-uploads.s3.ap-south-1.amazonaws.com/3191/uploads/H75Nd-nVA53TTKvlVCqZc.jpg,https://rotashowcase-public-uploads.s3.ap-south-1.amazonaws.com/3191/uploads/eeRdvS1jPDCK9PGZOPdXy.jpg","true","true","false","Professional Development","","","","Bangalore JP Nagar",""
"cmhnr3e790005l404gmfhkoat","Wildlife Conservation Walkathon","On 2nd October 2025, the Rotaract Club of Bangalore JP Nagar actively participated in the 71st Wildlife Week Celebrations held at Vidhana Soudha, Bengaluru organised by Rotaract District 3191. The event aimed to spread awareness about the theme “Coexistence of Humans and Wildlife,” emphasizing the need for harmony between urban growth and ecological preservation.

A team of 10 enthusiastic members from our club took part in the Walkathon from Vidhana Soudha to Lalbagh, joining thousands of participants including members, environmentalists, NGOs and officials. The event beautifully reflected the Rotaract spirit of unity, service, and responsibility towards the environment.

Our presence at this significant public initiative not only demonstrated our club’s commitment to environmental awareness but also contributed to enhancing the public image and community engagement of the Rotaract Club of Bangalore JP Nagar. Through this participation, we reaffirmed our belief that every small step counts when it comes to protecting our planet and promoting coexistence.
","Vidhan Soudha","10/2/2025","10/2/2025","PARTICIPATORY_ACTIVITY","false","","false","","0","0","0","10","0","0","50","https://rotashowcase-public-uploads.s3.ap-south-1.amazonaws.com/3191/uploads/KiVIOXeDRfQgjfhc5eKUr.jpg","https://rotashowcase-public-uploads.s3.ap-south-1.amazonaws.com/3191/uploads/EjwU_NgCOYYNseEwceqCY.jpg","false","false","false","Public Image","Protecting The Environment","Rotaract District 3191","","Bangalore JP Nagar",""
"cmhnr7m9t0001jl042j2wogdh","Colors of Culture – A Rotaract Global Scrapbook","The Rotaract Club of Bangalore JP Nagar, RI District 3191, was proud to be a part of the international initiative “Colors of Culture – A Rotaract Global Scrapbook,” organized by the Rotaract Club of Wayamba University of Sri Lanka under their International Service Avenue.

This unique project brought together clubs from across the globe, including Rotaract Club of Ankara Cayyolu (RI District 2430) and Rotaract Club of Mumbai Nova (RI District 3141), to celebrate the richness of heritage, traditions, and artistic expressions from different parts of the world.

Representing Bengaluru and Karnataka, our club shared glimpses of India’s vibrant culture, values, and diversity while also learning about the fascinating traditions of other nations. The project truly embodied the spirit of global fellowship, cultural exchange, and mutual respect that defines Rotaract.

Through this collaboration, we not only strengthened international bonds but also deepened our appreciation for the world’s many colors of culture. A heartfelt appreciation to the Rotaract Club of Wayamba University of Sri Lanka and all partner clubs for creating a beautiful global mosaic of friendship and understanding. 
","Virtual Scrapbook ","9/21/2025","10/11/2025","JOINT_INITIATIVE","false","","false","","0","0","0","5","0","2","66","https://rotashowcase-public-uploads.s3.ap-south-1.amazonaws.com/3191/uploads/KzV1Re-O3cQRCCUMOdEvM.jpg","https://rotashowcase-public-uploads.s3.ap-south-1.amazonaws.com/3191/uploads/wbGysqynwrB79OJJetH5X.png,https://rotashowcase-public-uploads.s3.ap-south-1.amazonaws.com/3191/uploads/yAPYbDFA-UMi7X2rimHgZ.png,https://rotashowcase-public-uploads.s3.ap-south-1.amazonaws.com/3191/uploads/mwg1Mrjae6DB42kEN_F_Z.png,https://rotashowcase-public-uploads.s3.ap-south-1.amazonaws.com/3191/uploads/juY66OoR_fHnXmlA6E3EG.jpg","true","true","false","International Service","","Rotaract Club of Wayamba University of Sri Lanka","","Bangalore JP Nagar",""
"cmhnrc9mx0001jr042hn1nfv4","METROTHON – World Polio Day Initiative","On 24th October 2025, members of the Rotaract Club of Bangalore JP Nagar joined hands with Rotary District 3191 and Rotaract District 3191 for METROTHON, a special initiative held to commemorate World Polio Day. The event aimed to raise awareness and reaffirm Rotary’s long-standing commitment to achieving a Polio-Free World — a mission that has inspired millions globally.

The event began at the MLR Convention Centre, Whitefield, with participants traveling together via metro to Garudacharpalya Metro Station, symbolizing unity and collective movement towards eradicating polio. It was an evening filled with purpose, energy, and fellowship.

Our club members enthusiastically took part in the awareness activities, engaging with Rotarians, fellow Rotaractors, and members of the public to spread the message of Rotary’s historic “End Polio Now” campaign. The event also provided wonderful opportunities for networking, collaboration, and community engagement, followed by a fellowship dinner.

Through this initiative, the Rotaract Club of Bangalore JP Nagar once again reaffirmed its commitment to service above self and to being an active part of Rotary’s mission to eliminate polio from the face of the earth.
","MLR CONVENTION CENTRE, Whitefield","10/24/2025","10/24/2025","PARTICIPATORY_ACTIVITY","false","","false","","0","0","0","8","0","1","40","https://rotashowcase-public-uploads.s3.ap-south-1.amazonaws.com/3191/uploads/tYFbigeHSB9Bn82ViTKSO.jpg","https://rotashowcase-public-uploads.s3.ap-south-1.amazonaws.com/3191/uploads/dDCMuzBLXdraPAWi7FxNE.JPG,https://rotashowcase-public-uploads.s3.ap-south-1.amazonaws.com/3191/uploads/db5kdqX18FnJerCUhtBSs.JPG,https://rotashowcase-public-uploads.s3.ap-south-1.amazonaws.com/3191/uploads/7ql8sFAHG0zYplQjcDrLx.JPG,https://rotashowcase-public-uploads.s3.ap-south-1.amazonaws.com/3191/uploads/muv07lwUEmW_-Qm4KNQMk.JPG","false","false","false","Public Image","Fighting Disease","Rotaract District 3191","","Bangalore JP Nagar",""
"cmhnrieav0005lh049xufi2ja","Ink-Link","On 26th October 2025, the Rotaract Club of Bangalore JP Nagar proudly collaborated with the Rotaract Club of Ratnapura, RI District 3220 (Sri Lanka) for “INK LINK” — a virtual international cultural and letterhead exchange that beautifully united Rotaractors from across the globe.

The event celebrated the spirit of global friendship, cultural understanding, and creativity, as clubs exchanged handwritten letters and uniquely designed letterheads that reflected their traditions, values, and identity. Participants shared stories and experiences that highlighted how culture transcends borders and how Rotaract continues to connect young minds worldwide.

Through this initiative, our club proudly represented Bengaluru and Karnataka, sharing our cultural essence while learning from the vibrant expressions of our international Rotaract friends. The session, hosted virtually via Google Meet, turned into a colorful showcase of art, emotion, and fellowship — reminding everyone that true connections are written not just in ink, but in understanding and unity.","Google Meet","10/26/2025","10/26/2025","JOINT_INITIATIVE","false","","false","","0","0","0","3","0","2","14","https://rotashowcase-public-uploads.s3.ap-south-1.amazonaws.com/3191/uploads/Zj0yxdREeq5wxNuoT4DNw.jpg","https://rotashowcase-public-uploads.s3.ap-south-1.amazonaws.com/3191/uploads/1ggeqRORTZGsWaJ5l5RK6.jpg,https://rotashowcase-public-uploads.s3.ap-south-1.amazonaws.com/3191/uploads/mx5yM2FvjMdVgGct7J0tk.png,https://rotashowcase-public-uploads.s3.ap-south-1.amazonaws.com/3191/uploads/3rsaVR9OKhOGTr4KJ80ot.png","true","true","false","International Service","","Rotaract Club of Ratnapura, RI District 3220 (Sri Lanka)","","Bangalore JP Nagar",""
"cmit7ifz00001lg046y1h2wqk","Naada Habba 2025","On 2nd November 2025, Rotaract Club of Bangalore JP Nagar proudly participated in Naada Habba, the District’s grand celebration of Karnataka Rajyotsava, hosted at the culturally vibrant Janapada Loka. Our club marked a spirited start to the event with 18 enthusiastic members joining the rally from Pattanagere Metro Station to the venue, adding colour, energy, and unity to the morning procession.

The team immersed themselves in the rich traditions of Karnataka, celebrating the state’s heritage through vibrant ethnic attire in shades of yellow and red, rhythmic beats, and an atmosphere filled with festive pride. Members thoroughly enjoyed the cultural performances, including the inaugural and folk dances, showcasing Karnataka’s artistic legacy.

The formal proceedings—featuring flag hoisting, the ceremonial lighting of the lamp, addresses by district leaders, and felicitations—offered a meaningful reminder of the state’s cultural and linguistic identity. Overall, Naada Habba 2.0 was a day of unity, culture, and pride, where our members not only represented the club with enthusiasm but also celebrated Karnataka’s heritage with joy, respect, and true Rotaract spirit.","Janapada Loka, Ramanagara","11/2/2025","11/2/2025","PARTICIPATORY_ACTIVITY","false","","false","","0","0","0","12","0","0","126","https://rotashowcase-public-uploads.s3.ap-south-1.amazonaws.com/3191/uploads/k-hjn3wmBKIIACFqzr7VD.jpg","https://rotashowcase-public-uploads.s3.ap-south-1.amazonaws.com/3191/uploads/FBivJV1B2uJPGXYBSgjBp.jpg","false","false","false","Community Service","","Rotaract District 3191","","Bangalore JP Nagar",""
"cmit8k1iz0001l5048hxbruvk","Threads of Unity","On the occasion of Children’s Day, Rotaract Club of Bangalore JP Nagar carried out a meaningful edition of Threads of Unity, an initiative aimed at supporting young students through the provision of new school uniforms. Celebrating the spirit of childhood, dignity, and equal opportunity, the project brought warmth and joy to the students of the Government Primary School in Hosadurga.

A total of 212 children received brand-new uniforms through this drive, creating a visible sense of happiness and pride among the students. Valued at ₹73,000+, this distribution served as a reminder that even a simple uniform can strengthen a child’s confidence and sense of belonging in the classroom.

Rotary and Rotaract members joined hands to ensure smooth execution, contributing to a cheerful and memorable Children’s Day for the school. The enthusiasm of the children, teachers, and volunteers highlighted the true impact of collective service.

Threads of Unity continues to stand as a powerful example of how compassion and collaboration can make a lasting difference in a child’s educational journey.","Government Primary School, Hosadurga, Kanakpura","7/30/2025","11/14/2025","JOINT_INITIATIVE","false","","true","Bhageerthi Foundation","75000","0","75000","2","212","2","92","https://rotashowcase-public-uploads.s3.ap-south-1.amazonaws.com/3191/uploads/ESN_YDS98Qtb3pwtkreOk.jpg","https://rotashowcase-public-uploads.s3.ap-south-1.amazonaws.com/3191/uploads/CeoeUByI8WYQ0ld69GpRF.jpg,https://rotashowcase-public-uploads.s3.ap-south-1.amazonaws.com/3191/uploads/5o5mSqi_2sLM0mGVaTH_i.jpg,https://rotashowcase-public-uploads.s3.ap-south-1.amazonaws.com/3191/uploads/LsvLM1cn3YJgr5xkOHRad.jpg,https://rotashowcase-public-uploads.s3.ap-south-1.amazonaws.com/3191/uploads/p5W6Us5ONGAkNUuVuLSQi.jpg,https://rotashowcase-public-uploads.s3.ap-south-1.amazonaws.com/3191/uploads/BiAEDb9HvpcNdKycKFkly.jpg","true","true","false","Community Service","Supporting Education, Growing Local Economies","","","Bangalore JP Nagar",""
"cmit8vrga0003l504ctzzkqqc","Grantha","Rotaract Bengaluru JP Nagar, in collaboration with the Rotaract Club of Debo, Ethiopia, successfully executed GRANTHA – The International Book Donation Drive, an initiative that embodied knowledge-sharing, cross-border goodwill, and the spirit of global Rotaract fellowship.

Through the collective support of donors and well-wishers, the project gathered an inspiring collection of 200+ books, ranging from storybooks and children’s literature to academic guides and competitive exam material. These books were donated to the Hosadurga Public Library, strengthening its growing collection and creating wider learning opportunities for students and readers within the community.

The initiative not only promoted literacy and accessibility but also demonstrated the meaningful impact of international collaboration. GRANTHA stands as a testament to how shared purpose and compassion can transcend borders, inspiring communities and enriching educational journeys through the power of books.
","Government Primary School, Hosadurga, Kanakapura","9/9/2025","11/14/2025","JOINT_INITIATIVE","false","","false","","0","0","0","5","212","5","30","https://rotashowcase-public-uploads.s3.ap-south-1.amazonaws.com/3191/uploads/TT9zrbO0HyVCbscb7qwwE.jpg","https://rotashowcase-public-uploads.s3.ap-south-1.amazonaws.com/3191/uploads/C3BJEZ9Xd33D-G8IMnjjN.jpg,https://rotashowcase-public-uploads.s3.ap-south-1.amazonaws.com/3191/uploads/ruCoXOYNOmBqSw_Yx9s_k.jpg,https://rotashowcase-public-uploads.s3.ap-south-1.amazonaws.com/3191/uploads/0ZLg-l5bBMUam6m90dfbP.jpg","true","true","false","Community Service","Supporting Education","Rotaract Club Of Debo","","Bangalore JP Nagar",""
"cmit8ys4v0005l504550fud2w","Pages of Possibilities","As part of the Children’s Day celebrations, the Rotaract Club of Bangalore JP Nagar, along with Rotaract Bangalore Aagneya and Rotaract Shantiniketan, executed Pages of Possibility, a meaningful stationery distribution initiative designed to support and inspire young learners.

Through this collaborative effort, 440 stationery kits were distributed to children of the Government Primary School in Hosadurga. Each kit was curated with essential educational supplies to encourage consistent learning, spark curiosity, and help students engage more confidently in their studies.

The combined presence of the partnering clubs added energy, efficiency, and warmth to the programme, ensuring a smooth distribution and a memorable Children’s Day celebration for the students. Pages of Possibility demonstrated how shared service and unified intent can create lasting academic encouragement for young minds.
","Government Primary School, Hosadurga","11/14/2025","11/14/2025","JOINT_INITIATIVE","false","","false","","0","0","5000","2","212","2","24","https://rotashowcase-public-uploads.s3.ap-south-1.amazonaws.com/3191/uploads/drXDDKUKHDrvqq9slq4mK.jpg","https://rotashowcase-public-uploads.s3.ap-south-1.amazonaws.com/3191/uploads/Gp_FQH7KHcLvMAFGoZyYk.jpg,https://rotashowcase-public-uploads.s3.ap-south-1.amazonaws.com/3191/uploads/hEeudWujDVcWSEQTH0bm7.jpg,https://rotashowcase-public-uploads.s3.ap-south-1.amazonaws.com/3191/uploads/sJQGhA7ZOB93-2uSmhPef.jpg,https://rotashowcase-public-uploads.s3.ap-south-1.amazonaws.com/3191/uploads/8NAFCrSy4i3kEIYmbQKhp.jpg,https://rotashowcase-public-uploads.s3.ap-south-1.amazonaws.com/3191/uploads/1iSKyLOzrdShlJKXzw_Vk.jpg","true","true","false","Community Service","Supporting Education","Rotaract Club of Bangalore Aagneya","","Bangalore JP Nagar",""
"cmit91z9c0001ju04hecx5z80","Tech Bridge","As part of the Children’s Day service projects, the Rotaract Club of Bangalore JP Nagar, in collaboration with Rotaract Bangalore Aagneya, implemented Tech Bridge, an initiative intended to expand digital access and enhance learning opportunities for students and community members.

Under this project, 4 laptops were contributed to the Government Primary School and the Hosadurga Village Library. These devices will serve as shared digital resources, supporting classroom learning, library activities, and the development of essential computer skills among students.

The collaboration ensured effective coordination, smooth execution, and an interactive engagement with the children and school staff. Tech Bridge reflects how meaningful partnerships can help bridge digital gaps and empower students with tools that build confidence and open pathways to future opportunities.
","Government Primary School, Hosadurga","11/14/2025","12/6/2025","JOINT_INITIATIVE","false","","false","","0","0","50000","2","213","2","25","https://rotashowcase-public-uploads.s3.ap-south-1.amazonaws.com/3191/uploads/U3iCQO13MY-g6zJ91dgPY.jpg","https://rotashowcase-public-uploads.s3.ap-south-1.amazonaws.com/3191/uploads/iUNTTo4vlaYeGi24u7hos.jpg,https://rotashowcase-public-uploads.s3.ap-south-1.amazonaws.com/3191/uploads/DYlTsMUNJAHAGd4nmI_Fx.jpg,https://rotashowcase-public-uploads.s3.ap-south-1.amazonaws.com/3191/uploads/1psljpqoGYW7yJAptjffT.jpg","true","true","false","Community Service","Supporting Education","Rotaract Club of Bangalore Aagneya","","Bangalore JP Nagar",""
"cmit99ayp0001jq04mchk8fx2","The Bengaluru Makeover","The Rotaract Club of Bangalore JP Nagar actively participated in The Bengaluru Makeover, a large-scale beautification and clean-up initiative organised by Rotaract District 3191 in collaboration with Rotary Bengaluru Bannerghatta Road and the Karnataka Forest Department. The drive aimed to transform a public stretch into a vibrant, litter-free zone through mural art, wall painting, and sustained community clean-up efforts.

Our members engaged enthusiastically in the painting activities, contributing to beautifully curated murals while prominently incorporating Rotaract branding across designated sections. The team also participated in the cleanathon, ensuring the surroundings were cleaned, decluttered, and prepared before painting.

The event began with a morning briefing and an inaugural ceremony in the presence of distinguished guests, followed by guided painting sessions led by the organising team. Members adhered to the painting scheme, safety protocols, and coordination guidelines to ensure uniformity and quality in the final artwork. A mid-session refreshments break helped keep spirits high as volunteers continued their efforts until the project wind-up at 2:00 PM.

The Bengaluru Makeover served as an inspiring example of collective service, creativity, and civic responsibility—demonstrating how unity and effort can transform public spaces into cleaner, brighter, and more welcoming environments.
","Sakalwara Road, Basavanapura (Near Bannerghatta National Park)","11/16/2025","11/16/2025","PARTICIPATORY_ACTIVITY","false","","false","","5000","0","0","4","0","4","55","https://rotashowcase-public-uploads.s3.ap-south-1.amazonaws.com/3191/uploads/BXlJ5apd_hxb5wu_-eOEw.jpg","https://rotashowcase-public-uploads.s3.ap-south-1.amazonaws.com/3191/uploads/tZBHNrq4ZgT3gV8C_2hIN.jpg,https://rotashowcase-public-uploads.s3.ap-south-1.amazonaws.com/3191/uploads/B1c5Ck-p38G9uYuLDuk03.jpg,https://rotashowcase-public-uploads.s3.ap-south-1.amazonaws.com/3191/uploads/kpBsjCEiNr62E54kX31B9.jpg,https://rotashowcase-public-uploads.s3.ap-south-1.amazonaws.com/3191/uploads/mqwE1v45FHlLokHQ8gjES.jpg,https://rotashowcase-public-uploads.s3.ap-south-1.amazonaws.com/3191/uploads/PWiwvHsvqnuvOWcSlrpBQ.jpg","false","true","false","Community Service, Public Image","Protecting The Environment","Rotaract District 3191","","Bangalore JP Nagar",""
"cmit9b29k0001jl04fwarfpmw","Kadlekai Parshe","The Rotaract Club of Bangalore JP Nagar organised a vibrant club service outing to Kadalekayi Parishe 2025, Bengaluru’s iconic annual groundnut festival celebrated along the historic Bull Temple Road. This visit provided members with an opportunity to experience the city’s cultural richness while strengthening fellowship in an informal, festive setting.

Members explored the beautifully lit streets filled with artisans, local delicacies, traditional displays, and the year’s first harvest of groundnuts—an integral part of the festival’s heritage. The evening was marked by joyful conversations, shared experiences, and plenty of photo opportunities, capturing the colours and spirit of this centuries-old celebration.

The outing not only offered a refreshing cultural immersion but also helped members bond beyond project spaces, reinforcing the club’s spirit of camaraderie and togetherness.
","Basavanagudi, Bull Temple Road","11/16/2025","11/16/2025","STANDALONE_ACTIVITY","false","","false","","0","0","0","3","0","1","7","https://rotashowcase-public-uploads.s3.ap-south-1.amazonaws.com/3191/uploads/20m6EvpicANnnsSMPc8pC.jpg","https://rotashowcase-public-uploads.s3.ap-south-1.amazonaws.com/3191/uploads/xeLPM-HPbfwNcGfF4PQy3.jpg","false","false","false","Club Service","","","","Bangalore JP Nagar",""
"cmit9gb740003jq04uamke6bs","Mandala Art Workshop","The Rotaract Club of Bangalore JP Nagar organised a soothing and beginner-friendly Mandala Art Workshop at RV Dental College on November 30, 2025. The session was facilitated by Medha S Kashyap, who introduced participants to the calming world of mandala creation — a meditative art form rooted in Sanskrit, symbolising the “circle.”

The workshop guided members through the basics of symmetry, simple geometric patterns, and the foundational techniques required to create their own mandalas from scratch. Emphasising mindfulness and relaxation, the facilitator explained how the repetitive, circular patterns of mandala art help improve focus, reduce stress, boost creativity, and promote emotional clarity. Members thoroughly enjoyed the peaceful pace of the workshop, which offered not just an artistic experience but also a moment of introspection and healing.

The session served as a refreshing weekend break that blended creativity, wellness, and connection, reinforcing the club’s commitment to holistic professional development and member well-being.
","RV Dental College","11/30/2025","11/30/2025","STANDALONE_ACTIVITY","false","","false","","0","0","0","12","0","2","32","https://rotashowcase-public-uploads.s3.ap-south-1.amazonaws.com/3191/uploads/V_3rzb4VCWl2l59XBRKS9.jpg","https://rotashowcase-public-uploads.s3.ap-south-1.amazonaws.com/3191/uploads/oltArrkHS_Q2lKCYdyC8C.jpg,https://rotashowcase-public-uploads.s3.ap-south-1.amazonaws.com/3191/uploads/jHObQfNtgPKhLtUjhP6a5.jpg,https://rotashowcase-public-uploads.s3.ap-south-1.amazonaws.com/3191/uploads/1wQ0crkOwpvT4YHwuyhd7.jpg","true","true","false","Professional Development","","","","Bangalore JP Nagar",""
"cmk2vq0ta0001jo04ee9jt8bx","Party in Pink 4.0","The Rotaract Club of Bangalore JP Nagar, in successful collaboration with the Rotaract Club of SSMRV College, proudly organized its flagship event “Party in Pink 4.0”, the fourth edition of our signature Breast Cancer Awareness cum Zumba Fundraiser. Over the years, Party in Pink has evolved into a meaningful movement that blends awareness, wellness, and community participation, and this edition stood as a powerful testament to that legacy.

Held on 14th December 2025 at the SSMRV Degree College, the event witnessed the enthusiastic participation of over 150 individuals, all coming together with a shared purpose — to support the treatment of breast cancer patients and spread awareness about early detection and healthy living.

This year, Party in Pink 4.0 successfully raised over ₹2,00,000 in monetary donations, which will be donated to the Sri Shankara Cancer Foundation towards the treatment and care of breast cancer patients. The overwhelming response and generosity from participants, well-wishers, and collaborating clubs reaffirmed the collective commitment towards this noble cause.

The event was graced by an esteemed panel of dignitaries. The Guest of Honour, Padma Shri Dr. Vijayalakshmi Deshmane, a legendary oncologist and an inspiration in the field of cancer care, was felicitated for her immense contribution to society and her lifelong service to oncology. The Chief Guest, Smt. Divya Hosur, Indian Defence Estate Officer for the Karnataka Circle, honored the occasion with her presence and encouraging words. We were also privileged to have Dr. Vijayshree Lakshman, Principal of SSMRV Degree College, and Dr. Srivatsa, Senior Specialist at Sri Shankara Cancer Foundation, join us for the event.

The formal session commenced with inspiring and thought-provoking addresses by the dignitaries, emphasizing the importance of awareness, compassion, and collective responsibility. This was followed by the formal handing over of the donation cheque, felicitation of the Chief Guest and Guest of Honour, and recognition of individuals and contributors who played a pivotal role in making the event a success.

Beyond celebration, Party in Pink 4.0 also served as a vital knowledge-sharing platform. The doctors and dignitaries spoke extensively on early breast cancer screening, early detection methods, available treatments and remedies, as well as lifestyle changes and preventive measures that can significantly contribute to leading a healthy life. These insights left a lasting impact on the audience, reinforcing the true purpose of the event.
Following the formal proceedings, the atmosphere transformed into one of vibrant energy and celebration with a high-octane Zumba session. Four dynamic Zumba instructors took over the stage, captivating the audience with their electrifying performances, infectious enthusiasm, and powerful choreography. The session was not only a fitness experience but also a joyful expression of unity, strength, and hope.

After the lively Zumba session, participants engaged in warm fellowship and camaraderie, capturing heartfelt moments with friends, fellow Rotaractors, and guests. The event concluded with a sumptuous breakfast, leaving everyone with a sense of fulfillment, happiness, and purpose.

Party in Pink 4.0 was further elevated by the presence of well-wishers from over five Rotary Clubs, more than twelve Rotaract Clubs, a US delegate who served as a District Governor of a district in the USA, representatives from a Chartered Accountancy firm, along with friends and family members who extended their unwavering support.
In every sense, Party in Pink 4.0 was more than just an event — it was a celebration of resilience, awareness, collaboration, and social responsibility. The overwhelming participation, impactful knowledge sharing, successful fundraising, and heartfelt fellowship made this edition a memorable milestone in the journey of the Rotaract Club of Bangalore JP Nagar and Rotaract Club of SSMRV College.","SSMRV Degree College, Jayanagar 4th T Block","12/14/2025","12/14/2025","HOSTED_ACTIVITY","false","","false","","24347","200000","11740","150","2","8","1400","https://rotashowcase-public-uploads.s3.ap-south-1.amazonaws.com/3191/uploads/wubBRGo89s7hoyW2otWdx.jpeg","https://rotashowcase-public-uploads.s3.ap-south-1.amazonaws.com/3191/uploads/oy2xn9AQH9MVQ_2SfWVPf.jpeg,https://rotashowcase-public-uploads.s3.ap-south-1.amazonaws.com/3191/uploads/y9DB0-IDYAaeSj3yrjsrR.jpeg,https://rotashowcase-public-uploads.s3.ap-south-1.amazonaws.com/3191/uploads/ouqlxCj3J68RyZEcv6KcD.jpeg,https://rotashowcase-public-uploads.s3.ap-south-1.amazonaws.com/3191/uploads/aNgN32VM3-Rk3dhmjfm0c.jpeg,https://rotashowcase-public-uploads.s3.ap-south-1.amazonaws.com/3191/uploads/0Jt2OWVcg69kSPOMHBt2L.jpeg","true","true","false","Community Service","Fighting Disease, Saving Mothers and Children","","","Bangalore JP Nagar",""
"cmk2vt6or0005jj04kpe7s8fe","Christmas Carnival 2.0","Christmas Carnival 2.0 was a heartwarming community service initiative organized in association with KPMG CSR, aimed at spreading joy and festive cheer among the students of Sharon School, Jallahalli. The event was held on 20th December 2025, from 10:00 AM to 12:30 PM, creating a memorable Christmas celebration for the children.
The carnival featured a range of fun games and engaging activities, encouraging enthusiastic participation from the students. Adding to the festive spirit, the school students performed a play and presented a choir performance of Christmas jingles, which brought warmth and cheer to the occasion.

The event also included sessions and narrations on the Advent of Baby Jesus, highlighting the origin and significance of Christmas and reinforcing values of love, compassion, and togetherness. A model of Jerusalem showcased by the students offered a meaningful visual representation of the Christmas story, while the decoration of the Christmas tree became a joyful collective activity that enhanced the festive atmosphere.
Throughout the event, the campus was filled with laughter, excitement, and celebration, as volunteers and students shared moments of joy and bonding. Christmas Carnival 2.0 successfully served as a platform to celebrate the spirit of giving and inclusivity, leaving the students with cherished memories and reinforcing the true essence of Christmas — spreading happiness, hope, and goodwill.","Sharon School, Jallahalli","12/20/2025","12/20/2025","STANDALONE_ACTIVITY","false","","false","","0","0","0","1","80","1","5","https://rotashowcase-public-uploads.s3.ap-south-1.amazonaws.com/3191/uploads/WYmJsMMYyRoB9EQq_snRf.jpeg","https://rotashowcase-public-uploads.s3.ap-south-1.amazonaws.com/3191/uploads/3pBe_2UauKOtz12-r_ojo.jpeg,https://rotashowcase-public-uploads.s3.ap-south-1.amazonaws.com/3191/uploads/qAH8HUPh4lX6gUNpHMeO7.jpeg,https://rotashowcase-public-uploads.s3.ap-south-1.amazonaws.com/3191/uploads/pWiXv7PyaM1V2MmaPqLqS.jpeg,https://rotashowcase-public-uploads.s3.ap-south-1.amazonaws.com/3191/uploads/QyUW9vhQq0iLEAph6fXbp.jpeg,https://rotashowcase-public-uploads.s3.ap-south-1.amazonaws.com/3191/uploads/nNoYzuOT9iucqkGszpcpE.jpeg","false","false","false","Community Service","","","","Bangalore JP Nagar",""
"cmk2vxn280003jo04z75lqjta","Cultural Canvas","Cultural Canvas, an international cultural exchange initiative conducted under Project Beyond Boundaries, served as a vibrant platform for global connection, learning, and fellowship by bringing together 35+ Rotaractors from multiple Rotary International Districts across the world on a single virtual stage. The programme was designed to celebrate diversity while fostering mutual respect and understanding among young leaders from different cultural, social, and geographical backgrounds.

The exchange witnessed enthusiastic participation from Agora Rotaract Kulubu (RID 2440 – Turkey), Charumati Rotaract Club (RID 3292 – Nepal), Rotaract Club Luiz de Queiroz (RID 4621 – Brazil), Rotaract Club of Ratnapura (RID 3220 – Sri Lanka), Rotaract Nakawa MUBS (RID 9213 – Uganda), Rotaract Chihuahua San Felipe (RID 4110 – Mexico), and the Rotaract Club of Bangalore JP Nagar (RID 3191 – India). Each participating club curated and presented immersive insights into their nation’s cultural identity, highlighting traditional customs, festivals, cuisine, music, art forms, social practices, and everyday lifestyles. These presentations offered participants a rare and enriching opportunity to experience the world through diverse cultural lenses.

The programme was intentionally structured to be highly interactive and participatory, with dedicated Q&A sessions following every presentation. These segments encouraged open dialogue, curiosity, and knowledge-sharing, as participants engaged in thoughtful discussions around cultural practices, linguistic diversity, regional festivals, social norms, and day-to-day life across different countries. A particularly noteworthy aspect of the exchange was the strong interest expressed by international participants in Indian culture, which led to engaging conversations on India’s vast diversity, traditions, and cultural pluralism.

True to the spirit of Project Beyond Boundaries, the initiative successfully achieved its core objectives by breaking geographical barriers, strengthening international fellowship, and promoting the values of global citizenship. Cultural Canvas not only deepened cultural awareness but also fostered meaningful connections, friendships, and a sense of shared purpose among Rotaractors worldwide. Overall, the initiative created a lasting impact by reinforcing Rotaract’s commitment to international service, cultural appreciation, and youth-led global collaboration, proving that meaningful connections can indeed transcend borders.","G Meet","12/21/2025","12/21/2025","HOSTED_ACTIVITY","false","","false","","0","0","0","35","0","2","129","https://rotashowcase-public-uploads.s3.ap-south-1.amazonaws.com/3191/uploads/r0sdBz6ol8ic6BysJ9e6h.jpeg","https://rotashowcase-public-uploads.s3.ap-south-1.amazonaws.com/3191/uploads/d0Ccq6UyuTmOlMx8oR_VL.jpeg,https://rotashowcase-public-uploads.s3.ap-south-1.amazonaws.com/3191/uploads/7a42VMXL866u-itSVmNgR.jpeg,https://rotashowcase-public-uploads.s3.ap-south-1.amazonaws.com/3191/uploads/PnPoDKtflwjXJg8aJQYrT.jpeg,https://rotashowcase-public-uploads.s3.ap-south-1.amazonaws.com/3191/uploads/q5e3pAnT8yfU4q8JqLYzE.jpeg,https://rotashowcase-public-uploads.s3.ap-south-1.amazonaws.com/3191/uploads/yqeB9B3M0sYJ--9xsn0X_.jpeg","true","true","false","International Service","","","","Bangalore JP Nagar",""
"cmk2w2eoz0003jo04brgqjhbh","Balanced Diet for a Healthy Life","The Rotaract Club of Bangalore JP Nagar, in collaboration with the Rotaract Club of Banashankari and the Rotaract Club of PES University, participated in and collaborated for an online awareness session titled “Balanced Diet for a Healthy Life”, held on 30th December 2025 via Google Meet.

The session focused on promoting holistic well-being by highlighting the importance of nutrition and balanced lifestyle practices. The resource speaker for the session was Dr. Lalitha Priya, associated with Sagar Chandramma Hospital and Prameya Health Pvt Ltd, who shared valuable insights on maintaining physical and mental health through mindful dietary choices.

The discussion covered the role of a balanced diet in everyday life, simple habits that contribute to long-term wellness, and practical approaches to improving overall health. The session was informative and engaging, enabling participants to gain clarity on nutrition-related concepts and adopt healthier lifestyle practices.

The interactive nature of the session encouraged active participation from members across various Rotaract and community clubs, fostering collaboration and shared learning. The initiative reflected the spirit of “Unite for Good”, reinforcing the importance of collective efforts in spreading health awareness.

Overall, the session served as a meaningful platform for knowledge sharing and awareness, contributing positively towards community well-being through collaborative engagement.","G Meet","12/30/2025","12/30/2025","PARTICIPATORY_ACTIVITY","false","","false","","0","0","0","9","0","0","9","https://rotashowcase-public-uploads.s3.ap-south-1.amazonaws.com/3191/uploads/zgs2hlHrITEjlL_pIJL_P.jpeg","https://rotashowcase-public-uploads.s3.ap-south-1.amazonaws.com/3191/uploads/CX9VZr1U2_jeNswt1AV3m.jpeg","false","false","false","Professional Development","","Rotaract Club of Banashankari and the Rotaract Club of PES University","","Bangalore JP Nagar",""